{"cameraMode":{"drawMode":0,"name":"Shaded","section":"Shading Mode"},"sceneLighting":true,"audioPlay":false,"sceneViewState":{"showFog":false,"showMaterialUpdate":false,"showSkybox":false,"showFlares":false,"showImageEffects":false,"showParticleSystems":false},"in2DMode":false,"pivot":{"x":-4.677209377288818,"y":2.1819870471954347,"z":-24.802291870117189},"rotation":{"x":0.11719608306884766,"y":0.6369858384132385,"z":-0.09881117939949036,"w":0.7554883360862732},"size":10.922701835632325,"orthographic":false}