{"cameraMode":{"drawMode":0,"name":"Shaded","section":"Shading Mode"},"sceneLighting":true,"audioPlay":false,"sceneViewState":{"showFog":true,"showMaterialUpdate":false,"showSkybox":true,"showFlares":true,"showImageEffects":true,"showParticleSystems":true},"in2DMode":false,"pivot":{"x":0.43779027462005618,"y":-27.22179412841797,"z":18.515304565429689},"rotation":{"x":0.4913159906864166,"y":0.002614376600831747,"z":-0.0014728261157870293,"w":0.8709778189659119},"size":27.94780158996582,"orthographic":false}