{"cameraMode":{"drawMode":0,"name":"Shaded","section":"Shading Mode"},"sceneLighting":true,"audioPlay":false,"sceneViewState":{"showFog":false,"showMaterialUpdate":false,"showSkybox":false,"showFlares":false,"showImageEffects":false,"showParticleSystems":false},"in2DMode":false,"pivot":{"x":-1.9422149658203126,"y":1.1544837951660157,"z":-2.8749160766601564},"rotation":{"x":0.2929866313934326,"y":-0.33168038725852969,"z":0.10917958617210388,"w":0.8900744318962097},"size":14.04647159576416,"orthographic":false}