{"cameraMode":{"drawMode":0,"name":"Shaded","section":"Shading Mode"},"sceneLighting":true,"audioPlay":false,"sceneViewState":{"showFog":false,"showMaterialUpdate":false,"showSkybox":false,"showFlares":false,"showImageEffects":false,"showParticleSystems":false},"in2DMode":false,"pivot":{"x":-1.181300163269043,"y":4.444113731384277,"z":-25.732746124267579},"rotation":{"x":0.14442437887191773,"y":-0.6744285821914673,"z":0.13699238002300263,"w":0.7110100388526917},"size":22.4581298828125,"orthographic":false}