{"cameraMode":{"drawMode":0,"name":"Shaded","section":"Shading Mode"},"sceneLighting":false,"audioPlay":false,"sceneViewState":{"showFog":false,"showMaterialUpdate":false,"showSkybox":false,"showFlares":false,"showImageEffects":false,"showParticleSystems":false},"in2DMode":false,"pivot":{"x":-6.856318473815918,"y":2.07069730758667,"z":-12.393922805786133},"rotation":{"x":0.06461523473262787,"y":0.6660513877868652,"z":-0.05809306725859642,"w":0.7408292293548584},"size":4.697690963745117,"orthographic":false}