{"cameraMode":{"drawMode":0,"name":"Shaded","section":"Shading Mode"},"sceneLighting":false,"audioPlay":false,"sceneViewState":{"showFog":true,"showMaterialUpdate":false,"showSkybox":false,"showFlares":true,"showImageEffects":true,"showParticleSystems":true},"in2DMode":false,"pivot":{"x":12.989999771118164,"y":11.899999618530274,"z":-2.6700000762939455},"rotation":{"x":0.3355845808982849,"y":-0.43680864572525027,"z":0.17986097931861878,"w":0.8150048851966858},"size":1.2247449159622193,"orthographic":false}