{"cameraMode":{"drawMode":0,"name":"Shaded","section":"Shading Mode"},"sceneLighting":true,"audioPlay":false,"sceneViewState":{"showFog":false,"showMaterialUpdate":false,"showSkybox":false,"showFlares":false,"showImageEffects":false,"showParticleSystems":false},"in2DMode":false,"pivot":{"x":-7.492198944091797,"y":2.070697784423828,"z":-18.88994789123535},"rotation":{"x":0.3305496573448181,"y":0.008494815789163113,"z":-0.002973911352455616,"w":0.943751335144043},"size":4.697690486907959,"orthographic":false}