{"cameraMode":{"drawMode":0,"name":"Shaded","section":"Shading Mode"},"sceneLighting":true,"audioPlay":false,"sceneViewState":{"showFog":false,"showMaterialUpdate":false,"showSkybox":false,"showFlares":false,"showImageEffects":false,"showParticleSystems":false},"in2DMode":false,"pivot":{"x":-9.138561248779297,"y":1.467090129852295,"z":-11.018916130065918},"rotation":{"x":0.19758287072181703,"y":-0.008822433650493622,"z":0.0017794773448258639,"w":0.9802523255348206},"size":23.691556930541993,"orthographic":false}