{"cameraMode":{"drawMode":0,"name":"Shaded","section":"Shading Mode"},"sceneLighting":true,"audioPlay":false,"sceneViewState":{"showFog":false,"showMaterialUpdate":false,"showSkybox":false,"showFlares":false,"showImageEffects":false,"showParticleSystems":false},"in2DMode":false,"pivot":{"x":0.7837734222412109,"y":3.1780521869659426,"z":-22.84551239013672},"rotation":{"x":0.08276721835136414,"y":0.6815544962882996,"z":-0.07803556323051453,"w":0.7228800654411316},"size":11.228096008300782,"orthographic":false}