{"cameraMode":{"drawMode":0,"name":"Shaded","section":"Shading Mode"},"sceneLighting":true,"audioPlay":false,"sceneViewState":{"showFog":false,"showMaterialUpdate":false,"showSkybox":false,"showFlares":false,"showImageEffects":false,"showParticleSystems":false},"in2DMode":false,"pivot":{"x":-7.246228218078613,"y":2.753868818283081,"z":-14.945356369018555},"rotation":{"x":-0.01709187775850296,"y":0.9817460179328919,"z":-0.1559164673089981,"w":-0.10762038826942444},"size":7.499913692474365,"orthographic":false}