{"cameraMode":{"drawMode":0,"name":"Shaded","section":"Shading Mode"},"sceneLighting":true,"audioPlay":false,"sceneViewState":{"showFog":false,"showMaterialUpdate":false,"showSkybox":false,"showFlares":false,"showImageEffects":false,"showParticleSystems":false},"in2DMode":false,"pivot":{"x":6.611655235290527,"y":2.8560822010040285,"z":-21.269824981689454},"rotation":{"x":-0.37867921590805056,"y":0.20584683120250703,"z":-0.0867881178855896,"w":-0.8981623649597168},"size":11.699736595153809,"orthographic":false}